[
        {
            "ID":1
            ,"question":"Which kind of waves are used to make and receive cellphone calls?"
            ,"Answer":"Radio Waves"
            ,"value":["Radio Waves", "Sound Waves", "Gravity Waves", "Visible Light Waves"]
            ,"Category":"Science and Technology"
            ,"Level":"Easy"
        },
        {
            "ID":2
            ,"question":"Which acid is present in lemon?"
            ,"Answer":"citric acid"
            ,"value":["marlic acid", "lactic acid", "tartaric acid", "citric acid"]
            ,"Category":"Science and Technology"
            ,"Level":"Easy"
        },
        {
            "ID":3
            ,"question":"The intensity of Earthquakes is measured on"
            ,"Answer":"Richter scale"
            ,"value":["Richter scale", "Mercalli scale", "Beaufort scale", "Secant scale"]
            ,"Category":"Science and Technology"
            ,"Level":"Easy"
        },
        {
            "ID":4
            ,"question":"Balloons are filled with"
            ,"Answer":"Helium"
            ,"value":["oxygen", "nitrogen", "argon", "Helium"]
            ,"Category":"Science and Technology"
            ,"Level":"Easy"
        },
        {
            "ID":5
            ,"question":"Along with whom did Bill Gates found Microsoft?"
            ,"Answer":"Paul Allen"
            ,"value":["Steve Wozniack", "John Blankenbaker", "Chuck Peddle", "Paul Allen"]
            ,"Category":"Science and Technology"
            ,"Level":"Easy"
        },
        {
            "ID":6
            ,"question":"On the verge of going bust in 1997, it was saved by a $150M investment by rival Microsoft"
            ,"Answer":"Apple"
            ,"value":["HP", "Google", "Dell", "Apple"]
            ,"Category":"Science and Technology"
            ,"Level":"Medium"
        },
        {
            "ID":7
            ,"question":"Largest flower in the world is "
            ,"Answer":"Rafflesia arnoldii"
            ,"value":["Rhododendron", "Rafflesia arnoldii", "Peniocereus", "Wolffia globosa"]
            ,"Category":"Science and Technology"
            ,"Level":"Medium"
        },
        {
            "ID":8
            ,"question":"Which country in the world has maximum number of robots working?"
            ,"Answer":"Japan"
            ,"value":["North Korea", "Japan", "Russia", "USA"]
            ,"Category":"Science and Technology"
            ,"Level":"Medium"
        },
        {
            "ID":9
            ,"question":"The first mechanical computer designed by Charles Babbage was called"
            ,"Answer":"Analytical Engine"
            ,"value":["Abacus", "Analytical Engine", "Processor", "Calculator"]
            ,"Category":"Science and Technology"
            ,"Level":"Medium"
        },
        {
            "ID":10
            ,"question":"Who was the first American to go into space in 1966?"
            ,"Answer":"Alan Shephard"
            ,"value":["John Glenn", "Scott Carpenter", "Alan Shephard", "Neil Armstrong"]
            ,"Category":"Science and Technology"
            ,"Level":"Medium"
        },
        {
            "ID":11
            ,"question":"A baby blue whale drinks this many liters of milk per day"
            ,"Answer":"190"
            ,"value":["190", "50", "330", "10"]
            ,"Category":"Science and Technology"
            ,"Level":"Hard"
        },
        {
            "ID":12
            ,"question":"On which planet is the tallest mountain in the Solar System?"
            ,"Answer":"Mars"
            ,"value":["Earth", "Jupiter", "Mars", "Mercury"]
            ,"Category":"Science and Technology"
            ,"Level":"Hard"
        },
        {
            "ID":13
            ,"question":"How many men have walked on the moon?"
            ,"Answer":"12"
            ,"value":["13", "12", "15", "14"]
            ,"Category":"Science and Technology"
            ,"Level":"Hard"
        },
        {
            "ID":14
            ,"question":"The Statue of Liberty is green because of"
            ,"Answer":"oxidized copper"
            ,"value":["steel painted green", "oxidized copper", "green stone", "oxidized brass"]
            ,"Category":"Science and Technology"
            ,"Level":"Hard"
        },
        {
            "ID":15
            ,"question":"The longest bone in the human body is"
            ,"Answer":"femur"
            ,"value":["femur", "fibula", "tibia", "stapes"]
            ,"Category":"Science and Technology"
            ,"Level":"Hard"
        },
        {
            "ID":16
            ,"question":"The first conversation recounted in the Bible is in Genesis 3, between these two; it leads to trouble."
            ,"Answer":"Eve and Serpent"
            ,"value":["Eve and Serpent", "Adam and Serpent", "Adam and God", "Adam and Eve"]
            ,"Category":"History and Mythology"
            ,"Level":"Easy"
        },
        {
            "ID":17
            ,"question":"He was the Confederate general in the US Civil War"
            ,"Answer":"Robert E Lee"
            ,"value":["Robert E Lee", "Abraham Lincoln", "Jefferson Davis", "Ulysses Grant"]
            ,"Category":"History and Mythology"
            ,"Level":"Easy"
        },
        {
            "ID":18
            ,"question":"Apartheid was a system of racial separation and segregation in this African country"
            ,"Answer":"South Africa"
            ,"value":["Nigeria", "Ethiopia", "South Africa", "Somalia"]
            ,"Category":"History and Mythology"
            ,"Level":"Easy"
        },
        {
            "ID":19
            ,"question":"Romulus and Remus were raised by this animal"
            ,"Answer":"Wolf"
            ,"value":["Wolf", "Eagle", "Bull", "Snake"]
            ,"Category":"History and Mythology"
            ,"Level":"Easy"
        },
        {
            "ID":20
            ,"question":"Ferdinand Magellan, the first to sail around the world, was from this country."
            ,"Answer":"Portugal"
            ,"value":["Spain", "Greece", "Portugal", "France"]
            ,"Category":"History and Mythology"
            ,"Level":"Easy"
        },
        {
            "ID":21
            ,"question":"When Galveston was devastated by a hurricane in 1900, she traveled 1,500 miles to head up the relief effort."
            ,"Answer":"Clara Barton"
            ,"value":["Florence Nightingale", "Grace Kelly", "Maya Angelou", "Clara Barton"]
            ,"Category":"History and Mythology"
            ,"Level":"Medium"
        },
        {
            "ID":22
            ,"question":"This sea route runs along the southern tip of Chile and was first navigated in 1520"
            ,"Answer":"The Strait of Magellan"
            ,"value":["Panama Canal", "English Channel", "The Straits of Gibraltar", "The Strait of Magellan"]
            ,"Category":"History and Mythology"
            ,"Level":"Medium"
        },
        {
            "ID":23
            ,"question":"In 79 A.D this volcano erupted destroying cities such as Pompeii and Herculaneum"
            ,"Answer":"Mt. Vesuvius"
            ,"value":["Mt. St. Helens", "Mt. Damavand", "Koryakskaya Sopka", "Mt. Vesuvius"]
            ,"Category":"History and Mythology"
            ,"Level":"Medium"
        },
        {
            "ID":24
            ,"question":"What mythological beast has the head of a man, the body of a lion, and the tail and feet of a dragon?"
            ,"Answer":"Manticore"
            ,"value":["Manticore", "Chimera", "Cyclops", "Griffin"]
            ,"Category":"History and Mythology"
            ,"Level":"Medium"
        },
        {
            "ID":25
            ,"question":"Who was the ancient Greek god of dreams?"
            ,"Answer":"Morpheus"
            ,"value":["Zeus", "Adonis", "Morpheus", "Artemis"]
            ,"Category":"History and Mythology"
            ,"Level":"Medium"
        },
        {
            "ID":26
            ,"question":"Before Eisenhower, he was the last president to preside over the admission of a new state."
            ,"Answer":"Taft"
            ,"value":["Roosevelt", "Lincoln", "Eisenhower", "Taft"]
            ,"Category":"History and Mythology"
            ,"Level":"Hard"
        },
        {
            "ID":27
            ,"question":"This US president authorized the creation of NASA"
            ,"Answer":"Dwight D Eisenhower"
            ,"value":["Richard Nixon", "Harry Truman", "John F Kennedy", "Dwight D Eisenhower"]
            ,"Category":"History and Mythology"
            ,"Level":"Hard"
        },
        {
            "ID":28
            ,"question":"This country is the world's oldest functioning democracy."
            ,"Answer":"Iceland"
            ,"value":["Britain", "France", "Spain", "Iceland"]
            ,"Category":"History and Mythology"
            ,"Level":"Hard"
        },
        {
            "ID":29
            ,"question":"Ayutthaya is the historical former capital city of this modern-day country"
            ,"Answer":"Thailand"
            ,"value":["Malaysia", "Vietnam", "Tanzania", "Thailand"]
            ,"Category":"History and Mythology"
            ,"Level":"Hard"
        },
        {
            "ID":30
            ,"question":"In ancient Egyption mythology, who supervised the weighing of souls at judgement?"
            ,"Answer":"Anubis"
            ,"value":["Nephthys", "Hathor", "Horus", "Anubis"]
            ,"Category":"History and Mythology"
            ,"Level":"Hard"
        },
        {
            "ID":31
            ,"question":"He was the author of the famous storybook \"Alice in Wonderland\""
            ,"Answer":"Lewis Carroll"
            ,"value":["Rudyard Kipling", "H G Wells", "John Keats", "Lewis Carroll"]
            ,"Category":"Literature and Media"
            ,"Level":"Easy"
        },
        {
            "ID":32
            ,"question":"A Tale of Two Cities' by Charles Dickens is based on this historical event."
            ,"Answer":"French Revolution"
            ,"value":["American Revolution", "Chinese Revolution", "Russian Revolution", "French Revolution"]
            ,"Category":"Literature and Media"
            ,"Level":"Easy"
        },
        {
            "ID":33
            ,"question":"This is Austin Powers' middle name."
            ,"Answer":"Danger"
            ,"value":["Ringo", "Swingin' ", "James", "Danger"]
            ,"Category":"Literature and Media"
            ,"Level":"Easy"
        },
        {
            "ID":34
            ,"question":"How many seasons of the hit US comedy ‘Friends’ were made?"
            ,"Answer":"10"
            ,"value":["9", "11", "12", "10"]
            ,"Category":"Literature and Media"
            ,"Level":"Easy"
        },
        {
            "ID":35
            ,"question":"Where do the Flintstones live?"
            ,"Answer":"BedRock"
            ,"value":["Crystal Cove", "Burbank", "Kirrin", "BedRock"]
            ,"Category":"Literature and Media"
            ,"Level":"Easy"
        },
        {
            "ID":36
            ,"question":"Who is the host of \"Wheel of Fortune\"?"
            ,"Answer":"Pat Satjak"
            ,"value":["Alex Trebek", "Bob Barker", "Drew Carey", "Pat Satjak"]
            ,"Category":"Literature and Media"
            ,"Level":"Medium"
        },
        {
            "ID":37
            ,"question":"\"Omerta\", the title of the last book he completed before his death in 1999, is Sicilian for \"code of silence\""
            ,"Answer":"Mario Puzo"
            ,"value":["Jeffrey Archer", "Kurt Vonnegut", "Truman Capote", "Mario Puzo"]
            ,"Category":"Literature and Media"
            ,"Level":"Medium"
        },
        {
            "ID":38
            ,"question":"One reason he is not buried in Westminster Abbey is his epitaph, which concludes, \"Curst be he that moves my bones\""
            ,"Answer":"William Shakespeare"
            ,"value":["William Shakespeare", "Rudyard Kipling", "William Blake", "Samuel Richardson"]
            ,"Category":"Literature and Media"
            ,"Level":"Medium"
        },
        {
            "ID":39
            ,"question":"\"The Road to Middle Earth\" is a book about this man"
            ,"Answer":"J.R.R. Tolkien"
            ,"value":["JK Rowling", "J.R.R. Tolkien", "Rudyard Kipling", "Enid Blyton"]
            ,"Category":"Literature and Media"
            ,"Level":"Medium"
        },
        {
            "ID":40
            ,"question":"This Russian-born author & scientist who dies in 1992 said, \"I do not fear computers. I fear the lack of them\""
            ,"Answer":"Isaac Asimov"
            ,"value":["Isaac Asimov", "Ivan Turgenev", "Leo Tolstoy", "Anton Chekhov"]
            ,"Category":"Literature and Media"
            ,"Level":"Medium"
        },
        {
            "ID":41
            ,"question":"This Disney movie was not created by Walt Disney Animation Studios."
            ,"Answer":"A Goofy Movies"
            ,"value":["Frozen", "Hercules", "Chicken Little", "A Goofy Movies"]
            ,"Category":"Literature and Media"
            ,"Level":"Hard"
        },
        {
            "ID":42
            ,"question":"This Oscar category has been discontinued"
            ,"Answer":"Best Assistant Director"
            ,"value":["Best Original Score", "Best Cinematography", "Best Sound Mixing", "Best Assistant Director"]
            ,"Category":"Literature and Media"
            ,"Level":"Hard"
        },
        {
            "ID":43
            ,"question":"In which Shakespeare play are Stephano and Trinculo characters?"
            ,"Answer":"The Tempest"
            ,"value":["The Tempest", "Hamlet", "As You Like It", "The Merchant of Venice"]
            ,"Category":"Literature and Media"
            ,"Level":"Hard"
        },
        {
            "ID":44
            ,"question":"This country's authors have won more Literature Nobel Prizes than any other, including the US"
            ,"Answer":"France"
            ,"value":["France", "England", "Switzerland", "Greece"]
            ,"Category":"Literature and Media"
            ,"Level":"Hard"
        },
        {
            "ID":45
            ,"question":"In what book does Humpty Dumpty first appear?"
            ,"Answer":"Through the Looking Glass"
            ,"value":["Alice in Wonderland", "Through the Looking Glass", "The Wizard of Oz", "Pippi Longstocking"]
            ,"Category":"Literature and Media"
            ,"Level":"Hard"
        }]
